"Name","Meetups attended"
"Charlotte Beglinger",40
"Fabian S",32
"David Gilbert",32
"Jesus P",31
"Irene Uboldi",30
"Joan Pastor",30
"Lluis CS",30
"marco.alberio96",26
"Giulia Maria Valtolina",23
"Christoph",23
"Mireia",23
"OJ Skjelten",20
"Andrew Billington",20
"Marc Sch",20
"tini",19
"Nuria",17
"Mark Collier",16
"Ana F",16
"Shane O B",16
"Jordi",15
"Christie",15
"Alina",13
"Evgeni",12
"Jacob Hesse",12
"Shirzart (Shizzy)",12
"Daniel Hulme",11
"Timothy Pillow",11
"Elmar",10
"Hugo O.",9
"george.gacitua",7
"Jasmine",7
"Emelie",7
"Philippe",6
"David Menetrat",6
"Conor Marsh",6
"Laura",5
"roll",5
"Arthur",5
"Gianluca Bellocchi",5
"Joyful joy",5
"Guillaume E",5
"Francis Garmston",5
"mltm1204",4
"Corwin Shanner",4
"Matias Galnares",4
"Giulia",4
"Laura G",4
"Jozef Mokry",4
"Bevan R",4
"Damian",3
"Andrew Sikora",3
"Francesca Agostino",3
"Robin B",3
"Sarah Alberio",3
"D",3
"Aymeric",3
"Mary McGlohon",3
"nicolettoand",2
"RK",2
"Mohamed",2
"Omar Khodr",2
"Andrea",2
"Angelo Martinovic",2
"Jonathan Hayes",2
"Gianni",2
"Sev",2
"Antonia Kö",1
"Katy",1
"Grace Kotnik",1
"Carla",1
"Paul Fichtner",1
"Giovanni fabris",1
"Franziska Schallehn",1
"Emma Uboldi",1
"Dragos",1
"Andi",1
"Artem Fokin",1
"Tessa Rawie",1
"Lisa",1
"Ekongefeyin Sintieh N. Ngek",1
"Claire Field",1
"Francesca Benigni",1
"Robert Näger",1
"Lisita Liebsch",1
"Mikhail",1
"Jorge Bernal",1
"Hristo Boyanov",1
"Hannah",1
"Marat Kamimachi",1
"Laurent Nle",1
"Edgar Bikas",1
"Ruxi",1
"Riccardo Dal Bello",1
"Michele Tucci",1
"Mircea",1
"Apinto Ca",1
"Eric",1
"Patricia",1
"Marius Meger",1
"Marco",1
